customer_id,order_las_30_days,avg_delivery_time,late_delivery_ratio,avg_order_value,support_tickets_last_30_days,days_since_last_order,churn
0276b50b-51ef-48c2-b093-c0f99b6b33af,3,37.373333333333335,0.0,486.31666666666666,0,0,1
fcb2d36b-9dae-4180-bc10-9852102a1027,3,38.76666666666667,0.3333333333333333,621.86,0,0,1
107d8f8d-f6d0-407b-b1dd-8bf551f5f0a1,14,34.550714285714285,0.14285714285714285,564.8535714285714,0,0,1
ad67aaf8-1fa5-4b49-83d9-d533673d61bf,5,30.639999999999997,0.0,412.58000000000004,1,0,1
9518c1dd-bf6f-4a48-a37e-b316666de909,1,30.59,0.0,496.58,0,0,1
67b3b723-4ac3-4991-8542-fb8436ace6bc,8,37.808749999999996,0.0,493.95375,0,0,1
cf105e1d-11af-4f70-9156-5a8d83d0ed65,4,36.4225,0.25,454.52750000000003,0,0,1
1f9dacb2-397c-451f-8247-244234b2bcd0,12,33.39999999999999,0.16666666666666666,527.0066666666667,0,0,0
48261733-0539-417f-ade2-81ca112c172e,10,31.99,0.0,485.669,0,0,1
0dba76af-9b28-4233-892f-07c542e55a09,2,47.725,1.0,520.825,1,0,1
347b2e25-a71e-4881-9afc-5ed7696dd6ec,1,36.94,0.0,620.16,0,0,1
8e50ebf4-fa63-4e08-8c42-7fc26a91a8e3,8,41.62375,0.375,549.6775,1,0,1
97eb6943-7df1-46e7-a9b8-04e3b6ca62fd,7,38.08142857142857,0.5714285714285714,480.6585714285715,0,0,1
abf84b3c-fe37-456b-bfef-52cc7f124549,5,29.782,0.0,462.14399999999995,0,0,0
e0416181-a773-4368-b56e-2aa1bcc72770,5,28.168,0.0,523.2479999999999,0,0,1
02cbed84-5ee6-438a-8093-5ce166da39d3,3,33.68333333333333,0.0,492.28,1,0,1
6e809465-0e7d-45fa-9ad7-f9fb39598a6f,1,17.59,0.0,623.92,0,0,1
34372488-1a52-4117-af4e-995696503008,1,38.59,0.0,566.54,0,0,1
81a94f62-117c-4524-88f4-475570719c0c,1,45.03,1.0,783.23,0,0,1
2cb2d3df-5201-4b9c-b72c-4783e118f665,8,40.129999999999995,0.375,407.14875,0,0,1
197b9f36-6083-4dc2-8ad6-372f31a2ce57,10,37.301,0.2,498.41100000000006,1,0,1
229043cf-ebf3-4c32-8a80-b9fff1889101,1,31.63,0.0,707.05,0,0,1
cc70ce36-727d-4894-8130-318dc659e93b,4,36.095,0.0,338.5675,0,0,1
5166bc97-c25c-4ff0-bf0f-1b11fde6e65e,11,37.88181818181818,0.2727272727272727,449.5854545454546,1,0,1
d2da38e9-1a70-4597-94f9-736ae9298648,1,26.77,0.0,867.73,0,0,1
45ce14dc-165d-47b9-a241-c7438a077c05,12,36.509166666666665,0.25,489.2808333333333,0,0,0
e70caf59-170c-42e2-8d54-074aa0c71771,4,35.4175,0.25,449.1425,0,0,1
9f628b4b-7e9a-4abd-8dcb-fc9315a21c63,10,35.894,0.2,518.1659999999999,1,0,0
b7fc9388-51bf-4b28-90a0-92adaa502062,10,37.551,0.3,530.9739999999999,0,0,1
5528a77c-4583-422e-bba3-e18de54de25b,2,37.745000000000005,0.0,714.425,0,0,0
0151fb0d-a1e5-45f0-b503-76e400178c31,1,24.08,0.0,393.61,0,0,1
fbfc27b6-57e6-4d08-8e70-f7437542ff44,2,38.72,0.0,528.67,0,0,0
40122182-b05e-4b02-afc6-44bcd3070b01,3,31.893333333333334,0.0,678.1733333333333,0,0,1
bbda3e0e-c324-4bfb-9afc-ab4a317821cf,1,33.36,0.0,273.15,0,0,1
839466f9-4a9f-4e49-8117-c71f9833423b,2,29.045,0.0,675.615,0,0,1
d8b68aec-2562-4b31-afb0-198d39591b62,1,29.92,0.0,869.84,0,0,1
ae8635d8-dce3-4046-b7e4-e41edecaffc7,8,34.37125,0.25,494.5975,0,0,0
edcfb104-ae0e-47bd-b505-35d97f43c7a2,15,35.18666666666666,0.13333333333333333,441.3059999999999,0,0,1
271d39da-810a-4f4e-a43c-48ab9b40a407,1,49.26,1.0,440.25,0,0,0
34a32bd0-d34f-4317-a9a5-50431c7bcf0e,3,33.24666666666667,0.0,458.27666666666664,0,0,1
ce9d4f3a-87ff-4b67-a50b-1f763840714f,9,35.90111111111111,0.3333333333333333,410.59666666666664,0,0,1
0c6264fc-f7d5-40bd-9fd7-f09f28aec6a6,5,38.566,0.0,402.636,0,0,0
f1e357b0-067d-43c1-8e66-467e28931b47,2,22.73,0.0,575.3399999999999,0,0,1
d8afecaa-aa65-4fe0-a2ad-9c3e9a815d86,1,34.61,0.0,583.85,0,0,0
6bfbcb27-95d1-4e9b-8123-1a169e4bacac,2,39.955,0.5,495.09000000000003,0,0,1
37d3b52b-068f-4389-9404-16261f299203,5,35.904,0.0,580.0899999999999,0,0,1
f7cd6d6b-abaf-4e16-84fd-7e3ce57b07f4,6,33.395,0.3333333333333333,485.5133333333334,0,0,1
41802d16-5404-479f-b5c7-e77c18ce2381,1,51.47,1.0,304.13,0,0,1
8e86d9a4-584b-4b71-a010-90076613cf1f,2,21.62,0.0,296.36,0,0,1
17c98c4a-1d07-49e6-8e4a-b4a05e551c65,1,17.68,0.0,309.69,0,0,1
c6fc7b19-3667-4f35-b96a-4b47f8209c2e,5,33.698,0.2,515.492,0,0,1
1f09a1b5-36cd-4f45-bb99-dd1e944479fb,8,41.1425,0.375,545.015,0,0,1
0f6baa88-0e8d-4889-9bf5-7b513e521fe9,1,27.8,0.0,809.83,0,0,1
a0326853-4179-4fef-ba15-5575dbb9eb0c,6,30.150000000000002,0.0,582.6316666666667,0,0,1
6ab764c7-df3a-430c-b53b-b11c7fa50f5e,12,35.95916666666667,0.08333333333333333,446.6425,0,0,1
a4c8da53-141b-41b3-82ac-3ccb7c2d3d3d,6,40.556666666666665,0.16666666666666666,600.8183333333333,0,0,0
dbaa7545-f891-455c-acbb-2a17312bc4b8,3,39.24,0.3333333333333333,550.0633333333334,0,0,1
491d604a-a42b-4c5a-ba58-fb85b9070c0e,6,30.46666666666667,0.0,576.6583333333333,0,0,1
2457b45b-e792-4c11-89de-2e1c9536afe6,12,34.18999999999999,0.25,477.9783333333334,0,0,1
5656083b-b625-4863-97d9-c0f7d3616cab,6,34.830000000000005,0.0,558.6833333333333,1,0,1
bddd47bd-523f-4c6c-b592-e2adfc140d70,7,34.895714285714284,0.0,460.2214285714286,0,0,1
b04789c2-fd4c-4157-bbfa-a01a76d26699,14,33.46857142857143,0.14285714285714285,421.02142857142854,1,0,1
58012ab3-dc1d-4a6a-96e5-f848d1f0a55c,3,33.46,0.0,486.40000000000003,0,0,1
2f7902ed-16ed-44eb-8a48-f4179ae118d8,5,38.858000000000004,0.0,565.898,0,0,1
99ed21c3-9a30-4ed7-aa39-7140a2a4ee34,3,41.0,0.3333333333333333,656.8733333333333,0,0,0
56fe530e-b48e-4fe5-a950-fbf97fb7946b,4,28.4225,0.25,402.2975,0,0,1
71364975-74d0-4e9a-b1d6-57be02c2e205,7,34.94285714285714,0.2857142857142857,527.4142857142858,0,0,1
e952f744-fdd3-4926-9526-322bdf5a857d,13,28.56846153846154,0.0,474.07461538461536,0,0,1
adcd3005-03d3-4c47-9f86-7068df93c582,16,36.74875,0.0625,432.86,0,0,1
3f6737e3-9553-4cf9-a2a0-f93e4898067c,2,29.095,0.0,446.28,0,0,1
0e68dde2-4265-4706-9db2-b2a4b09f81b1,3,29.566666666666663,0.0,439.85999999999996,0,0,1
5bcc60fa-f44f-4f39-8a18-348d44f2b8d8,3,30.866666666666664,0.0,557.27,0,0,1
717ce199-dba7-4a6e-82e7-df3794839f46,3,28.456666666666667,0.0,783.4966666666666,0,0,1
12c8ef9b-74f8-4475-8a0e-63f30c9b547e,15,37.98533333333333,0.26666666666666666,547.12,0,0,1
83dbdda1-4750-4724-ad90-193dff79c487,3,31.286666666666665,0.0,478.16,0,0,1
8eaaf9b7-ccc5-4f0b-b2e6-74de6a76c510,1,30.38,0.0,638.45,0,0,1
3e1c177a-e9cb-4a77-ab8d-5c5731b809a5,1,38.25,0.0,327.84,0,0,1
649ecd75-0aae-47b3-af1d-98e085604dc0,2,38.45,0.5,562.135,0,0,1
c7b4f8ef-e246-42bc-a3eb-6a1cc7d5c448,4,31.1025,0.25,629.29,0,0,0
30f18e70-0922-40ae-a38e-1c89d9af392c,2,27.705,0.0,354.685,0,0,1
9518cc37-e11a-41f7-9675-37d312a4b215,4,31.669999999999998,0.0,692.845,0,0,1
aca58cdf-06a9-4f73-a57c-790d2c62bdc8,4,31.620000000000005,0.0,462.87750000000005,1,0,1
404c6380-b486-49d6-9436-66fb08840cd0,4,32.412499999999994,0.0,642.18,0,0,1
15737bbd-0bea-4b41-bbcf-7d875b5dea7e,6,28.878333333333334,0.0,474.4766666666667,1,0,1
ed18b325-f4f5-4504-aa98-e20506970357,3,22.070000000000004,0.0,547.2366666666667,0,0,1
0ebcb0f0-df05-4b61-acda-b029d40edf51,8,36.754999999999995,0.25,502.14375,0,0,1
aaed0ff2-c4c0-4f19-8baf-50dba1b0d46e,13,30.761538461538464,0.07692307692307693,492.4984615384616,0,0,1
6c08a2e4-408a-4834-ae04-d2ed1acf67fe,13,42.21,0.38461538461538464,565.2338461538461,0,0,1
5bc382bd-6224-4f3f-a16a-748755bbd739,2,40.08,0.0,488.115,0,0,0
9e8c6023-1d87-49d6-b71f-026958d11534,5,38.896,0.2,483.032,0,0,1
aecb66e8-4b0b-4c22-a1a9-2757f0c6322c,9,33.95444444444445,0.1111111111111111,577.3255555555556,0,0,1
bd3eeaa5-0995-4412-a0f9-c3d524229d6d,5,36.754000000000005,0.0,571.938,0,0,1
ef926ff4-1ec5-436d-a805-9741a49ad80b,1,32.71,0.0,471.91,0,0,1
b6228596-97fc-4dd3-ad03-e84276c7c969,3,38.75333333333333,0.3333333333333333,433.0800000000001,0,0,1
4f9d3a39-3ba5-42a6-8f4b-62cb1050bf73,2,28.560000000000002,0.0,542.6700000000001,0,0,1
3ce2ba2a-4f6a-4a6f-8525-51d487b863b1,1,37.25,0.0,623.2,1,0,1
24ea95d9-b0d3-4c60-9cc6-ed6a8c6e782e,8,36.1725,0.125,500.52125,0,0,1
a1e20d77-57d0-4051-a2c5-daafe2337728,3,31.706666666666667,0.0,528.3633333333333,0,0,0
343bb883-5522-406c-bc0e-669832797036,2,35.475,0.0,579.4449999999999,0,0,0
02ad3057-3351-4ac8-85c7-3e07326ba267,2,23.95,0.0,486.06000000000006,0,0,1
a86f6c01-8823-4329-b9d9-366b53979883,5,32.972,0.0,564.5440000000001,1,0,1
f241c207-e549-4a98-9319-10c23ba08f21,5,40.094,0.4,456.42600000000004,0,0,1
21a6dac5-6497-4d15-909e-9c6e8f6dae69,3,32.43,0.3333333333333333,548.65,0,0,1
ecb29d71-ab28-4568-9345-3a409f494210,1,28.74,0.0,310.31,0,0,1
4c349596-db61-49f0-b5d2-290f8be6fda4,3,41.656666666666666,0.6666666666666666,419.81,0,0,1
d97a5e29-4524-4f8d-ba96-273c77cd10c3,9,39.20888888888888,0.4444444444444444,440.0866666666667,1,0,1
298caf2d-5efb-421c-8edf-ec3283e26407,9,30.30888888888889,0.1111111111111111,537.5733333333333,0,0,1
8a90fb17-bf7c-4e97-923d-b470e8999080,3,39.03666666666667,0.3333333333333333,428.6133333333334,0,0,1
707ff715-d35d-4331-9840-81a072fec6d9,4,39.97,0.5,642.3375,1,0,1
1414b298-106f-4076-88c1-e5d9365410e7,6,39.01833333333334,0.16666666666666666,556.7666666666667,0,0,1
dd2e20c5-7ede-4493-8d80-690ea4ee2bc7,7,37.370000000000005,0.2857142857142857,498.12714285714276,0,0,1
d40f10d8-716b-4842-a4c3-5e827a8c5faf,11,35.95909090909092,0.18181818181818182,568.6545454545455,0,0,1
243581b2-38fb-4107-9cdf-fdc23121df0a,10,33.766,0.1,482.76399999999995,0,0,1
9c5b79fb-9645-4dd0-b474-8c6eebdee1a3,1,39.61,0.0,411.14,0,0,1
863ffe25-ba1b-4d8a-ad51-b50e6b2ac193,6,41.714999999999996,0.3333333333333333,570.0083333333333,0,0,1
c195e862-ea6b-47e9-a284-0a5c8be5b941,1,40.47,0.0,524.61,0,0,1
65fd51b7-a8b7-4d05-9ce1-7b1aaaf21a56,9,31.805555555555557,0.2222222222222222,651.1744444444444,0,0,1
382fb48e-5515-4400-b8ed-1fc18e06daf5,7,23.802857142857142,0.0,621.6328571428572,1,0,1
526ca7ed-691a-4f10-9c81-cde4ae39863f,2,36.05,0.0,468.615,0,0,1
9f8b61c7-02ee-4618-a406-6935d8fe76a8,3,34.93333333333334,0.3333333333333333,421.25666666666666,0,0,1
c99d80a2-f42d-4573-811c-6b9f94332b2a,3,52.14666666666667,0.6666666666666666,633.6866666666666,0,0,1
07bab9eb-7d9f-45d3-86e2-778d7db5d9db,3,37.196666666666665,0.3333333333333333,567.3433333333334,0,0,1
9c4c0893-59fa-41dc-8d87-acf34b746d1b,2,42.75,0.5,437.45500000000004,0,0,1
1b2621e3-9a6e-4d61-bd98-48af0b3289ea,6,39.24,0.3333333333333333,484.6616666666667,0,0,1
8636baa9-4c1c-405c-a801-dfb579b3a27f,4,35.32000000000001,0.0,570.6,1,0,1
5459f32f-e5b5-4399-93c2-e4b4da31d48b,9,33.88444444444444,0.2222222222222222,544.9155555555556,1,0,0
df26f723-bedf-439f-8344-178c4bed6d32,6,31.498333333333335,0.16666666666666666,485.22166666666675,0,0,1
4297962d-d799-4e01-be6c-7a9e8c1c38d3,6,37.22833333333333,0.16666666666666666,545.6366666666667,0,0,1
dff1fcbb-08ce-4227-bee2-d3197e1cbd6b,1,30.58,0.0,704.96,0,0,1
2e7b9cee-5fc2-4fd5-b9f0-24b51d2f6baf,3,27.013333333333332,0.0,553.6466666666666,0,0,1
62554156-8b79-491a-b6be-a858f1c80452,2,27.33,0.0,516.665,0,0,1
13bc86b1-bfb7-40e7-ad5c-f9ab8cb64cde,2,35.285,0.0,483.88,0,0,1
a3c141e7-28ab-4267-83a9-eb5c52298299,3,37.25,0.0,521.15,0,0,1
b8144b29-2447-47e4-abc4-ab6486441c3e,5,43.14,0.4,566.424,0,0,1
4750541a-89e9-49f8-99de-30b367b190e9,2,20.485,0.0,670.05,0,0,1
8f838947-d5c9-40c9-8d14-edbcc475d2cf,7,38.565714285714286,0.14285714285714285,574.2828571428571,0,0,1
bd362b26-df77-4d25-8d4f-23d24fbef50a,4,28.095,0.0,400.7575,0,0,1
fa35fcdb-9f50-49a8-8eac-69a1c0ac36c1,6,30.35833333333333,0.0,524.1383333333333,0,0,1
f52bdad3-b093-4e5b-bd86-f4b5f27af9a9,1,39.47,0.0,749.66,0,0,1
feef63d8-cc8e-49c8-9e67-b40f8aa965f0,3,35.10333333333333,0.0,574.5833333333334,0,0,1
43a030fb-d5f5-4a8d-9da3-76cc64735b02,14,33.49857142857143,0.14285714285714285,532.0635714285714,0,0,1
4a0fde18-edd2-47bb-885d-df06c9a86cef,1,23.15,0.0,756.59,0,0,1
961b28f6-d5c7-4cb5-9b54-b92c71359f75,10,35.628,0.2,528.077,0,0,1
1da7fe35-6330-4d62-b2f6-ed5cbb6babf7,1,27.42,0.0,257.57,0,0,1
79533a82-1f5b-4a4c-a842-ed5df7b40524,3,28.26666666666667,0.0,544.57,0,0,1
0e7f3613-6a9e-46ff-b2f2-6430e7e07b8c,1,28.43,0.0,801.59,0,0,1
cc9b0066-4154-4251-86e1-a2e6f9888057,6,34.24166666666667,0.16666666666666666,414.6116666666667,0,0,1
b102a04e-930e-4c3a-9e20-37b7397d94a2,5,38.586,0.0,586.6379999999999,0,0,0
a66b9745-5e99-4e86-91ec-9f24e0482b26,2,38.95,0.5,372.42999999999995,0,0,0
e8ce5700-dbaf-418d-abca-d816b2b0f3d9,7,31.58142857142857,0.14285714285714285,622.0200000000001,0,0,0
7d8d94fe-618f-4101-8d2a-7953dd9e2707,4,39.197500000000005,0.25,437.88750000000005,0,0,1
c6cfa3cd-e308-4e67-a8ca-9906ddc5be4e,7,35.675714285714285,0.14285714285714285,538.3399999999999,0,0,1
0b978fc2-b8bb-4c68-9489-dbf4140ac667,2,19.665,0.0,457.395,0,0,1
f26ae5cd-ac6b-4e30-af22-59cc2f9f58c1,3,37.696666666666665,0.0,522.5266666666666,0,0,1
9151267b-07c1-4d42-8688-5838181ac183,2,32.260000000000005,0.0,299.37,0,0,1
bbd4b625-e5fb-4076-9312-25f660b0e701,3,33.026666666666664,0.0,293.95,0,0,1
c6bb7643-4d0d-4c7e-8598-5e0273296450,6,35.901666666666664,0.16666666666666666,567.9183333333334,0,0,0
f84f6e9f-dc2b-4d70-b4d6-3df3de8faa3b,3,34.61,0.0,499.59666666666664,1,0,1
28b03d1d-ef1c-4dbf-84d4-4b44ab39bddd,2,33.875,0.0,549.9549999999999,0,0,1
336a2ab9-5f67-481e-af23-203d0c2db8da,3,34.63666666666666,0.0,585.3133333333334,1,0,1
ad686792-19bb-4b69-a4b6-919178b58814,7,37.348571428571425,0.2857142857142857,575.5442857142857,0,0,1
2b0cb666-2d96-405c-bca2-161732eb5d87,2,32.364999999999995,0.0,447.665,0,0,0
ce89c815-3e69-483e-a032-777d5b501017,4,38.9325,0.25,472.88,0,0,1
15354c2a-085e-4c2e-95dd-839fcac780c0,8,39.85875,0.375,476.3625,0,0,1
cedd5a70-e0e3-45b5-9eec-8b2da383ba5c,4,27.14,0.0,560.1600000000001,0,0,1
c027050b-1b48-4ea0-b8ad-688e057a0d41,8,37.3325,0.0,605.7437500000001,1,0,1
0c79a8e7-6ee0-4750-a9b1-027c2179a1b0,3,34.5,0.3333333333333333,462.84999999999997,0,0,1
9ec45e05-12ea-4ed2-aae5-3f29214ff371,3,31.763333333333332,0.0,622.9566666666667,0,0,1
aa6a94d6-f111-445e-a2fa-8c771d66b6dc,3,36.02333333333333,0.3333333333333333,667.6666666666666,0,0,1
f9e2eed0-9aac-4abc-a73f-aae8f43beab0,2,25.545,0.0,536.21,0,0,1
34f46a11-f2a3-4681-b386-0872f111f720,5,35.978,0.0,530.378,0,0,1
2d486eb7-5057-46ec-baa8-b3eed19c9319,4,34.7575,0.0,531.685,1,0,1
40f6adb2-c130-4bee-81d7-fb0cc474a23a,4,31.46,0.0,470.655,0,0,1
02260a08-e258-40e1-abdc-6a25cf332a39,2,26.64,0.0,467.46,0,0,1
f55d4699-c9d0-4863-8782-7f8aa79e9f45,3,31.473333333333333,0.0,444.29333333333335,0,0,1
6dee7953-2083-4abb-af12-c1a7b240895a,2,26.72,0.0,381.20500000000004,1,0,1
95a9928c-e69c-4aa0-b9e2-289fd87b6c55,9,36.88111111111112,0.1111111111111111,542.8022222222222,0,0,1
d0a28ed2-386d-43ef-8311-2331c8d722ce,2,53.555,1.0,528.44,0,0,1
8846f546-2497-46a8-81d2-0ef13ff714cb,2,32.68000000000001,0.0,616.8399999999999,0,0,1
a0957fbe-9fb9-4176-a46e-f14cbaa7c8e3,2,27.75,0.0,636.39,0,0,1
aca6862f-5c02-4496-87e6-fdd1b9d5de28,2,33.53,0.0,423.065,0,0,0
d7a2673a-6940-43ba-83a0-dc182e4c5ff3,4,27.337500000000002,0.0,629.0799999999999,0,0,1
783b8361-2c9e-4c69-b0a9-51828220f67a,7,38.028571428571425,0.42857142857142855,465.3442857142857,0,0,1
4021161a-410d-49cc-ba9e-3ecdcd16cd83,2,31.195,0.0,358.375,0,0,1
e5e8713a-f55f-4f3d-9d7e-599386742c43,6,33.29833333333333,0.16666666666666666,639.7616666666667,0,0,1
c116951b-a696-4b0f-a70e-0d911ed2c07c,9,32.72555555555555,0.1111111111111111,581.4233333333333,1,0,1
cd975de0-4a6f-440b-89d9-b3b06f9a9749,4,40.035,0.25,473.91,0,0,1
3927871a-744a-4d58-b53a-f823607a49a2,2,34.985,0.0,542.76,0,0,1
84a14010-3f66-424f-b68d-26a90ff85b40,13,34.841538461538455,0.23076923076923078,444.26461538461535,0,0,1
b5905e43-91f8-483f-9ac2-878717d47d82,2,38.745000000000005,0.5,299.66499999999996,0,0,1
92094a7b-a639-4202-8e1a-f11b91b21568,1,29.64,0.0,780.96,0,0,1
9a9c9f30-1d99-4b5e-98cf-7e1d81c9a4d9,4,41.425000000000004,0.5,394.77750000000003,0,0,1
2b2d7b9c-e7f0-45d9-91c2-03ca64241038,1,52.26,1.0,687.23,0,0,1
a901d52e-fec6-454f-95dd-a5098bdab103,1,44.59,0.0,665.31,0,0,1
9753fd04-3829-4773-8410-36a859195087,6,33.74666666666667,0.0,468.8316666666667,0,0,1
06a9028e-47a2-44dd-b765-d5dedc78f597,3,24.49,0.0,623.0866666666666,1,0,1
40130d4d-ca96-4796-99d1-ad979403edc2,4,41.49250000000001,0.5,601.5125,0,0,1
6b5162c2-9313-44ab-83c2-6e6a96a1b516,15,38.156,0.3333333333333333,515.8253333333333,0,0,1
4da4b2b7-5e7e-4502-b009-cc7127fc1b07,1,50.16,1.0,651.75,0,0,1
659e4282-defd-41bc-a062-7928c925c2a2,2,27.015,0.0,729.275,0,0,1
c64f20f4-9b35-4235-a0e4-d25c60202550,9,26.15222222222222,0.0,591.2444444444444,1,0,1
b2fbb119-62d9-483b-bbd4-24f40dfde7e4,10,42.688,0.2,559.815,0,0,1
013d4bfd-b90b-4c6f-bb15-85ff8abe2ded,3,30.889999999999997,0.0,361.9533333333333,0,0,1
25330512-f425-43f0-b63b-f6f5263536ce,8,37.8075,0.125,549.345,0,0,0
f5f83c97-e3d5-4f4e-91b3-3fd02038c9a6,1,28.8,0.0,368.58,0,0,1
5b2e455c-2411-4c12-bb71-a75c08540ab3,14,34.84857142857144,0.21428571428571427,534.4307142857142,1,0,1
92e8193f-86a6-45d8-a393-646aba047b71,1,23.16,0.0,776.35,0,0,1
51756ee0-61c1-442c-b182-d258a19564aa,3,36.15333333333333,0.3333333333333333,610.88,0,0,1
6708aff4-2849-4bd6-9410-1569c9c648e0,6,30.24666666666666,0.0,525.1883333333334,0,0,1
61c11bbb-e308-4d6a-aa6f-5cebe026caa5,11,37.83818181818182,0.18181818181818182,494.5127272727272,0,0,1
5a1bee68-db64-4666-a190-00d994da0db4,2,31.135,0.0,440.235,0,0,1
3b93fcdf-339a-4ffe-a942-29d86d54b659,8,30.41375,0.0,605.5262499999999,0,0,1
372889ce-303f-4ef5-bf3e-ac9935be2c19,10,34.18,0.1,409.62300000000005,1,0,1
a7e325b3-f7d0-4218-b609-970ec8fe25a4,4,33.5775,0.25,478.80499999999995,0,0,1
73385979-8a28-4f74-8d37-b08b81481deb,6,36.43666666666666,0.3333333333333333,609.3016666666666,0,0,1
40a5306c-94b2-4d00-a0ce-f0b0067c7e2c,10,33.336999999999996,0.2,498.16499999999996,0,0,1
390f0366-a038-4076-9955-cbf8c33f4733,4,38.5725,0.25,520.7925,0,0,1
9ca9e8ac-7bde-4724-bba1-043e7b7adf4f,6,36.443333333333335,0.16666666666666666,513.3233333333334,0,0,1
7d96570e-98d2-4b12-9701-f368fd2c4b23,12,31.468333333333334,0.08333333333333333,448.14583333333326,0,0,1
d7931314-5614-42f7-a89a-3ad0eb18da5a,7,36.381428571428565,0.0,612.5242857142857,0,0,1
2fe2ef84-b416-4beb-98a1-60405c2326c5,7,37.57714285714286,0.14285714285714285,621.3842857142857,0,0,1
93ea741f-df69-4f3d-9a02-e3ce0eb545d5,4,39.3575,0.25,538.985,0,0,1
3505eeec-45bb-451e-bfbd-f845045f64da,1,33.24,0.0,357.38,0,0,1
c5e04cdb-5677-446a-a1c4-bba989c97c45,4,38.512499999999996,0.5,587.8325,1,0,1
d838ab48-66b6-47b8-bc88-48782bf246b6,1,25.37,0.0,546.94,0,0,1
fafcf6c8-76a9-4f45-81cc-28f4541ed88e,4,26.782500000000002,0.25,639.58,0,0,0
6f489892-e13d-4bc2-bb77-6d23a500bc14,7,33.580000000000005,0.0,527.7471428571429,0,0,0
fa6821a6-ed37-468b-bda9-3104cc3a2ecd,3,37.17333333333333,0.0,512.98,0,0,1
c17444a6-d2fb-4c32-a206-a7fc5d73052e,6,36.33,0.3333333333333333,584.3766666666667,0,0,1
8fe89c99-7ad1-4197-b5ff-d5126cf3a8ee,3,22.689999999999998,0.0,267.49333333333334,0,0,1
dca452cf-6594-480f-8c6c-3f8688d9c20c,1,23.3,0.0,266.1,0,0,0
ab873130-d7b5-474f-b501-335307ccfc45,2,25.72,0.0,542.88,0,0,1
533bce7f-6ffa-4d95-88e7-af91b9471078,7,30.157142857142855,0.0,506.6542857142858,0,0,1
cfe1c7d4-b9ff-4a7a-96f6-a20631d075b5,2,34.055,0.0,667.21,1,0,1
6f629bba-1eb7-41c5-b8d4-eb8d2e6b25c6,1,42.48,0.0,800.3,0,0,1
c95b5b05-0cc5-4e49-84e2-9febef0974ab,5,31.974,0.2,511.85600000000005,0,0,1
5f1e2f5b-7aaf-4b1d-9ff3-c46715a0a74d,5,43.26800000000001,0.4,513.8639999999999,0,0,1
550dc236-1251-4a26-b108-084e51f60a21,13,35.70153846153846,0.23076923076923078,567.4192307692308,1,0,1
68f73df6-9ec9-4131-911a-01d4374d03c1,1,29.18,0.0,349.05,0,0,1
63037c6b-36cb-470b-a7f6-4a69cd14cd2f,3,33.63666666666666,0.0,614.0066666666667,0,0,1
8d20980e-f3f1-4468-a53f-f3ee0466644b,2,28.15,0.0,658.965,0,0,1
ae62185a-fa60-4923-9f85-9e8b95633f05,4,23.3575,0.0,521.6225,0,0,1
b68c409b-e391-4bab-bc7e-88ca050abccf,4,29.2075,0.0,721.505,0,0,1
b338f811-8e57-444a-b144-df20622a7352,6,37.473333333333336,0.3333333333333333,535.5883333333333,0,0,1
19edc57c-55cf-421d-965c-6ea509c4fd95,3,37.196666666666665,0.3333333333333333,521.8333333333334,0,0,1
5c26907e-5f88-41ac-9f6a-7022b697142a,4,38.725,0.25,537.6275,0,0,0
3b7d5cc7-1607-4ede-b43d-e8dd5bf3749a,4,31.142500000000002,0.0,585.9475,0,0,1
db87151b-6bd4-4872-9a14-c44685cc0496,6,36.27166666666667,0.3333333333333333,320.4533333333333,0,0,1
2f75985f-581e-47ab-adc5-c95106fdeff1,7,32.637142857142855,0.14285714285714285,465.05000000000007,0,0,0
dbd5f17a-3af2-497b-ae66-174deb71313d,6,28.19666666666667,0.0,513.7399999999999,0,0,1
ceb217b1-5817-4ac7-b512-c85125157f9e,2,38.21,0.5,688.025,0,0,1
21eb43eb-fb36-41e4-8252-72435a75700d,4,37.005,0.0,643.3050000000001,0,0,1
50d63232-36ff-48ef-bfcc-dbbf8866a651,1,30.0,0.0,849.78,0,0,1
fcbcb5cc-a3e7-4d55-bf19-39e43a133bce,5,36.6,0.0,548.616,0,0,1
700b47b7-c44d-42ad-8d36-c8e820a5504f,6,39.41166666666667,0.3333333333333333,562.7399999999999,0,0,1
8b430b19-bbd4-466c-baab-22bcbb7237f7,3,23.426666666666666,0.0,419.49333333333334,0,0,0
da2cd4e0-f0c6-4ad8-82bd-c15df656320b,2,24.064999999999998,0.0,545.25,0,0,1
ffa36d95-41ea-435e-a2dd-f20d6265a9c1,2,41.11,0.5,474.04499999999996,1,0,1
113127e1-42fe-47b3-a1ac-ab25db8d0caf,1,31.77,0.0,660.64,1,0,1
2c8949ca-e95a-4b03-9a23-21d2ce1b975d,3,28.73,0.0,445.9533333333334,0,0,1
91c523ec-a012-450a-badd-cebf1cbc4ee1,15,35.712666666666664,0.26666666666666666,498.98466666666667,1,0,1
18e02126-2717-4a7d-8748-96778ddd7d5c,5,36.99399999999999,0.4,499.1620000000001,0,0,1
4d43a222-f13d-4f65-a5ca-97dec9384e46,5,36.242,0.2,609.792,0,0,1
ae9ada11-5c7f-422f-b274-2277b6806aa9,8,35.20125,0.0,524.5725,0,0,0
49071ebe-0d6c-48da-bef2-139685e9f4b3,7,37.14,0.2857142857142857,440.0028571428571,0,0,1
2025cf1d-ba3f-4171-8e96-c6a9c555ef2b,4,41.92,0.25,524.765,1,0,1
889253bf-fda8-4273-b54f-6334b189aa5d,2,32.010000000000005,0.0,312.46,0,0,1
9c473b63-2d7a-45e7-b24f-06c7c0d396ac,5,26.732,0.0,560.84,0,0,1
b11f5ebc-f820-4c74-87d0-0a477039bffa,4,38.2825,0.25,487.55499999999995,0,0,1
049ef304-a2f1-43e3-9269-20564eb0f660,8,36.4525,0.25,598.36875,0,0,1
268207a0-0b05-4a59-aa78-5d3ffcbe2023,6,30.630000000000006,0.0,584.0883333333333,0,0,1
0fb4f9c1-612e-4677-a40d-774daf4d3bdd,3,32.88,0.0,510.6266666666667,0,0,1
37eca4de-07fd-4c73-a424-fe38ea12e4ab,3,31.713333333333328,0.0,640.5366666666667,0,0,1
0b6a6252-42dc-4e44-9e30-10d79c115c71,1,23.67,0.0,469.23,0,0,1
6fac09df-6e17-4672-9a73-1c6ecbcfb0f3,4,26.595,0.0,577.1125,0,0,0
36d06784-6e2d-4851-8b72-0cfbeb7dc141,6,38.66833333333333,0.3333333333333333,500.29333333333335,0,0,0
e365fda4-5403-4528-bf12-5fc3efd3eab6,3,35.949999999999996,0.0,435.94,0,0,1
95107c49-9041-4056-93b5-974b62a66977,12,34.39166666666667,0.16666666666666666,506.14166666666665,1,0,0
372272c4-c3a3-4106-b993-db6e77469b1c,3,33.693333333333335,0.0,566.0433333333334,0,0,1
8271a4de-506e-4bd3-b750-d08427488135,1,48.25,1.0,453.2,0,0,0
9fcf0731-edf7-496e-91e1-714a720f2fd6,4,39.4825,0.25,450.825,0,0,1
76a04585-aa9e-419d-959e-1276deb8b127,8,33.866249999999994,0.125,494.80375000000004,0,0,1
1c4ad432-4f3d-4256-a6c5-c2a7ff8b31be,1,39.17,0.0,429.23,0,0,1
9764e813-74a0-487f-bfce-a77b4aa6dc99,6,34.91166666666667,0.16666666666666666,445.5533333333333,0,0,1
3668430c-044f-4270-8e86-f45fc91df0c3,5,35.818,0.2,449.2,0,0,0
64c2b819-371b-416e-9832-efe0417be7a9,6,28.180000000000003,0.16666666666666666,465.4216666666666,0,0,1
dda2b95a-fc11-4dd4-8652-0b3b27d98831,8,35.06875,0.125,516.14,0,0,1
ebb6ae58-37ad-4544-9fc9-ef835b53d07f,7,35.739999999999995,0.2857142857142857,382.34000000000003,0,0,1
fc7e96c5-dbec-4730-a0b5-00cfd4d13242,2,36.28,0.0,645.52,0,0,1
e679f64d-f7dd-4348-b35b-29bf789a1987,1,36.74,0.0,812.33,0,0,1
b03637ab-2b1d-4082-9499-17b665d97357,3,40.93666666666667,0.3333333333333333,586.4033333333333,0,0,1
ef14c9bb-4910-48ee-8fbc-c18856694314,6,29.536666666666665,0.0,536.6466666666666,0,0,0
86f0880b-85fd-4062-a2db-3b36ecc8dc00,4,35.2125,0.25,502.915,1,0,1
275e3954-6d96-45c3-96c0-0b08a387f0a7,4,35.6325,0.25,548.3874999999999,0,0,1
3b84d68c-fa16-40db-8651-39b1a1dc8bf5,5,33.938,0.4,454.53999999999996,1,0,1
fa27b486-1d7c-4b88-b4e7-fd013b6e9427,6,38.300000000000004,0.0,504.17499999999995,0,0,1
b3c5ac51-0d17-4ac1-a35e-b085406b9bca,2,42.45,0.0,559.235,0,0,1
28a47acf-0518-4677-afc7-4f1203d1938a,5,37.522000000000006,0.2,619.1400000000001,0,0,1
0fa4dd61-05dd-44dc-8237-86e39ef10450,7,40.63857142857143,0.2857142857142857,513.2357142857144,0,0,1
ee30304c-73c4-43b5-ab2a-325af4bc8d6e,12,27.184166666666666,0.16666666666666666,547.7275,1,0,1
be689349-3d17-4463-9ec4-72005ba9265a,15,35.64066666666666,0.13333333333333333,465.15133333333335,1,0,1
492e37aa-cf2c-4d42-a05f-2c58ec50ab2a,1,28.97,0.0,657.52,0,0,0
ff22fb1b-9856-4422-be34-ef5270dbc7a4,2,49.05,0.5,440.23,0,0,0
1bac0bf0-c9b6-4ff4-a258-c588569cf489,4,36.9975,0.25,472.38,0,0,1
72b39431-afbb-40a9-8a43-36b7a1dcd1ad,1,16.62,0.0,530.44,0,0,1
1c0a48df-2f0f-4713-8997-d5eb674ccb7c,14,33.49785714285714,0.07142857142857142,477.5871428571428,0,0,1
afa5818f-b9a1-45a6-b241-59cd4656e54a,14,34.878571428571426,0.14285714285714285,514.8271428571429,1,0,1
26085aa2-2217-41d2-9e0c-7eff622b0021,1,35.64,0.0,410.31,0,0,1
ef940a58-e329-49d2-a289-4b497124ae68,7,31.645714285714288,0.14285714285714285,510.35857142857145,0,0,0
7218974a-e3e5-47ba-a6df-ab8988eabe39,10,37.31099999999999,0.3,448.241,0,0,1
430a3f17-ef9a-4965-94f6-f1ea2568029d,2,27.35,0.0,639.47,0,0,1
da4e8d53-e5a7-414e-8e06-137d1bbcc19e,1,43.4,0.0,784.36,0,0,1
396e16ac-545e-44d0-a303-60c07373ae15,2,26.615000000000002,0.0,455.33000000000004,1,0,0
b01e12e3-afd7-4b7e-b629-6a2c2bf2ca54,2,33.644999999999996,0.0,552.705,1,0,1
c432ae4b-5c63-41f6-8098-f12c9911ff35,6,26.683333333333337,0.0,607.9,1,0,1
19284163-0ae3-4c6b-b53b-562425ecdd37,9,40.87555555555556,0.4444444444444444,513.8866666666667,1,0,1
4d9d8cb4-e85c-46f7-a32d-79e399a0697a,2,37.35,0.5,537.985,1,0,1
82992a6a-843b-4436-8126-18404ca1f85a,14,32.36857142857143,0.14285714285714285,481.2635714285715,0,0,1
39f26ebd-b342-4a18-a9eb-47b375c420eb,1,27.59,0.0,837.74,0,0,1
b651babb-70b7-423a-9e1f-08fffd2d71b3,3,22.856666666666666,0.0,345.93333333333334,0,0,1
5da79367-a03a-45ef-a9b9-0f98fae1ae99,2,34.085,0.5,528.835,0,0,1
50413e53-a77d-4925-8ad4-f166111809a3,8,35.8175,0.125,483.55625,0,0,1
a272e8ef-b3d5-490b-86a6-2dc332379129,5,40.742000000000004,0.2,562.7940000000001,0,0,1
6fd9eee7-f8fe-47c7-9c48-d36188c46b9d,5,34.676,0.2,543.4879999999999,0,0,1
3f8c9886-d4b4-4f19-9949-17c27f99cb15,1,33.79,0.0,753.12,0,0,1
2e198ca1-cd0f-431e-9c7f-aafc2a7d817b,7,26.602857142857143,0.0,442.0085714285715,0,0,1
70bc0357-adbb-4802-968f-19a73addc01a,3,36.626666666666665,0.0,347.2833333333333,0,0,0
4a3b0c90-416f-4e86-9e73-a30ab12aebb5,11,37.300000000000004,0.18181818181818182,444.88727272727266,1,0,1
2f499979-2163-4f64-a99b-2f76d9b0c632,13,32.68769230769231,0.23076923076923078,540.6023076923077,0,0,1
e616e3ca-7680-4e61-ae4d-f320cc4016b4,2,25.06,0.0,490.68,0,0,1
c9409ab2-40ae-49c5-a179-4e34fb046c3d,3,43.120000000000005,0.6666666666666666,357.06333333333333,0,0,0
08a60429-4488-47d6-aef8-d60f50442283,7,34.89714285714286,0.0,408.40857142857146,0,0,1
d8e8ab8a-8cd8-439b-8adb-cd1839acb346,5,34.041999999999994,0.2,538.34,0,0,0
4b86ddf9-96db-4466-88a1-02b5f7327bfb,9,33.19888888888889,0.0,507.4644444444445,0,0,0
d67dec49-4bde-4a0a-b2de-ca32606994e0,8,40.725,0.625,528.38,1,0,1
066ec2fd-a5c5-49d9-9bd7-65d0a7666ffe,9,31.50333333333333,0.0,469.0177777777778,0,0,1
725d6f6f-93d6-4ddc-ad01-233e9b7e8f74,3,41.14666666666667,0.3333333333333333,745.4366666666666,0,0,1
6b50ef5d-2612-4d1b-a92b-34884318f902,4,45.322500000000005,0.5,509.36250000000007,0,0,1
4a8d0599-e3c8-4ea2-b229-6d8da7a45c3b,10,30.812999999999995,0.1,392.79799999999994,0,0,1
11914182-9aa6-46b0-b776-35703f81c41c,4,41.332499999999996,0.25,566.67,0,0,1
6943252d-f7d7-465b-a5ab-49b70747e0b4,1,42.54,0.0,482.88,0,0,1
c6270123-f5ed-42d6-8d27-b16d892b3283,1,33.04,0.0,414.54,0,0,1
3f944072-eedb-42fa-8999-51339e441302,1,39.44,0.0,737.74,0,0,1
57476913-e065-4a19-a701-72d519cbdc05,5,36.342,0.4,396.1139999999999,0,0,1
63797b87-2a8d-4fcd-8a07-2c71cebdf2ca,7,35.05714285714286,0.0,409.6657142857143,0,0,1
d9c4c0cd-1e3a-4562-9888-a6a3369e5975,6,33.276666666666664,0.0,455.06500000000005,0,0,1
e80c34ff-ef6f-4ec3-a274-702ea505754b,11,30.49909090909091,0.0,524.58,1,0,1
b95a9265-fc40-4394-a02b-13f91c7907c0,13,38.21769230769231,0.3076923076923077,466.5361538461539,0,0,0
ea939bb1-e9bf-4f21-991b-46d0a08dce5b,6,45.90833333333333,0.3333333333333333,520.87,0,0,1
7bcebc71-f73f-404e-89e5-c0eb04dded22,2,27.335,0.0,731.3,0,0,1
6b549028-e65c-4dc9-b6fc-07ad9d488f96,6,31.188333333333333,0.0,626.7599999999999,0,0,1
dfd7b881-b4bd-4d5e-8228-1be4b8727669,2,33.555,0.0,494.01,0,0,1
5e7b3321-56c6-44ab-820a-1e061189eaaa,6,33.568333333333335,0.0,394.81166666666667,0,0,1
6585b86a-018a-4c6f-b473-682065ba9505,13,34.69230769230769,0.23076923076923078,530.0630769230768,0,0,1
bf530fa7-290b-4442-bff2-f92c82814e73,12,28.913333333333338,0.0,496.1783333333333,0,0,1
70914a8f-c84c-4b47-a7c6-99a73229b617,2,40.045,0.0,552.56,0,0,1
7a0d126a-7c6d-4bce-9cdb-dc3a9511a687,9,33.172222222222224,0.0,501.8866666666666,0,0,1
c1d26f3e-590c-4ee9-9bd3-31e6266c4d4a,4,39.5625,0.25,343.6125,0,0,1
c4b337a4-2f5a-480d-9a28-3853a9c1f1cc,9,35.98444444444445,0.0,480.56777777777785,0,0,1
802e95d4-6663-4e38-a775-e86ad261f1b9,3,36.166666666666664,0.3333333333333333,422.3233333333333,0,0,1
8a9d9d36-775b-407f-8241-ed3a215e7d82,6,35.266666666666666,0.16666666666666666,520.4816666666666,1,0,1
a81f061b-22dc-4295-9abf-f46a3859d3da,1,14.87,0.0,711.33,0,0,1
6fb0b578-b0a5-4987-878b-4f027d5e8c89,6,36.385,0.3333333333333333,503.93333333333334,0,0,1
ee1a0a1b-cbd5-4d6d-8476-749f0a526b59,7,39.19571428571428,0.2857142857142857,564.2128571428572,0,0,1
ba1a2313-4d29-40af-aa5e-b295d2a05956,5,34.04,0.2,548.62,0,0,1
250e7156-3e87-478a-b2f1-fd3803c572f9,12,36.46416666666667,0.16666666666666666,565.7291666666666,0,0,1
6880d28d-e266-4394-b96b-8f315c5f0fdf,15,38.56666666666667,0.26666666666666666,434.0020000000001,0,0,1
8819413a-64bd-4e8a-acc4-ba666a98a696,3,38.68,0.0,343.39000000000004,0,0,0
f3d4ef2a-f4ad-4e46-9014-2c3802a9b052,8,37.791250000000005,0.375,630.095,0,0,1
d66dcd8d-6286-475a-8427-9dcfe9d662d4,3,25.22,0.0,643.7233333333334,0,0,1
2c3dcb36-1e87-40c3-9982-740263777acd,16,30.185625,0.0,483.67562499999997,0,0,1
0f8582a8-c973-4f4e-a614-e3e4fb760c16,3,49.29333333333333,0.6666666666666666,402.34999999999997,0,0,1
4f3ea92c-3ec8-402a-af94-e95cd117b888,1,25.47,0.0,267.7,0,0,1
fb1feb28-cf09-49a1-b59b-52ebaa12e657,10,34.459,0.1,462.063,0,0,1
d6736bae-1dfc-46fa-a283-709147454bb5,1,37.0,0.0,676.16,0,0,1
8fca14c8-4b90-4fbc-9550-4fd72494de8a,1,15.75,0.0,493.72,0,0,1
5106e127-75a9-49ef-9aa5-f9fc9fdb7ab1,7,30.555714285714284,0.0,485.0514285714285,1,0,1
16fba887-7576-418c-b00e-e5f3d481c807,11,34.2109090909091,0.09090909090909091,473.700909090909,0,0,1
60c9870b-f7ff-41d8-a222-c042e7b1593d,14,37.182857142857145,0.21428571428571427,592.1771428571428,0,0,1
8eba4a7c-14ab-49a0-b050-28999d72bbec,3,26.383333333333336,0.0,741.5466666666666,0,0,1
19aee8c5-e7dc-4a35-820b-791edcb6fec2,15,34.342,0.13333333333333333,471.9573333333334,0,0,1
9b0a7dfb-1a31-4678-96ad-7af2b56013d1,4,29.29,0.0,433.425,0,0,1
4ea8af96-baba-466f-8139-6fa00074d4de,2,37.540000000000006,0.0,594.76,0,0,1
9c704465-a6ec-485e-9102-995bc6842225,3,40.17,0.6666666666666666,557.5666666666667,0,0,1
ec4d9073-f9b8-43ef-9835-856201c5ff7c,4,36.8225,0.0,497.49249999999995,0,0,0
105366a0-d36b-4134-854d-97579df42816,13,39.22923076923077,0.23076923076923078,491.38615384615383,0,0,1
2c7ae633-b1c0-46ca-9ec7-16bd5eae489b,6,33.218333333333334,0.0,426.1366666666667,1,0,0
d9d3ea1f-ef23-4013-bec9-359ecfaabc5f,15,38.74066666666667,0.26666666666666666,492.91733333333326,0,0,1
07af81d8-61d9-4d1e-b1d8-28caee5544c4,1,22.31,0.0,232.66,0,0,0
329bc130-bc4c-4c1c-a015-669c90bef761,1,24.04,0.0,445.97,0,0,1
601450ee-3626-4743-bb9e-14c6ce2efa08,14,32.707857142857144,0.0,486.84428571428583,1,0,1
204602f1-3aa8-4a05-8e14-a14c504eefbe,3,31.17,0.0,484.49333333333334,0,0,1
0eea13a9-bfaf-452d-8d90-fe9a3c574bbc,9,35.308888888888895,0.2222222222222222,475.59888888888884,0,0,1
7f80ebb5-b1f6-4345-bd93-4fcf3f1e7bd6,12,41.57416666666666,0.25,518.7733333333333,1,0,1
8c1caf51-8cc9-4b3d-8e49-60af1192c5eb,4,32.0775,0.0,411.96500000000003,0,0,0
d0b3bf10-c64b-4889-a6cc-f66424f37b12,2,31.02,0.5,538.655,0,0,1
3abde792-dfb2-40cb-a3fe-5e4366bd7f66,1,28.56,0.0,613.09,0,0,0
a01205e5-157b-41f3-ac90-a4e54351ca0c,1,41.8,0.0,341.1,0,0,1
c588e159-8f0e-46e8-8e3c-152738397a4f,6,29.58666666666667,0.0,559.4183333333334,1,0,1
f24b5d17-43f6-426d-8767-20e621427a7e,3,45.31,0.6666666666666666,461.64000000000004,1,0,0
f61dadb4-7ded-448e-96bd-dff503bfb1ed,2,45.59,0.5,591.47,0,0,1
6625eecc-8bc0-4d57-96e8-1c9b3dcafaeb,8,41.19500000000001,0.25,398.8125,1,0,0
ac0f3673-df86-41de-a474-a36379d46cd1,14,34.54571428571429,0.2857142857142857,568.2671428571429,0,0,1
4d6f8238-04c9-4792-b0bb-bd36a8ce6aff,2,31.155,0.0,662.5,0,0,1
77287f46-bf19-455d-a549-a6b8004440dc,2,28.525,0.0,738.775,0,0,1
a69db1e6-6d80-4eac-b0d3-ffd3bb222d8f,2,30.615000000000002,0.0,419.05499999999995,0,0,1
7e443c11-ee05-407e-9672-9715d5a9d88c,2,32.370000000000005,0.0,584.785,0,0,1
d16abe1c-cdaa-4264-9592-f07a5668e1be,14,37.853571428571435,0.14285714285714285,437.56499999999994,1,0,1
ed1c6a3d-312d-4a6c-879f-475e70da4b15,4,34.615,0.0,559.9925000000001,0,0,1
036f81a0-c183-4077-b2c2-0209e7f1dea4,5,36.69,0.0,509.29200000000003,0,0,0
de7555b2-db4f-4654-8e9c-a9a3408958c5,3,36.67333333333334,0.0,422.05,0,0,1
e79b60f0-f1ed-45ac-a7e6-ccff6c65c26f,3,25.886666666666667,0.0,300.46666666666664,0,0,1
8492736a-c5de-4569-87dc-81d0452c32d0,7,39.40285714285715,0.42857142857142855,539.7085714285714,0,0,1
22c9dc5b-c921-44fd-93dd-7193d9e8789f,1,27.74,0.0,666.75,0,0,1
dbec61a4-ad5f-4c9c-b281-ad7a88cb7980,8,37.5425,0.125,566.9024999999999,0,0,0
c9655b5b-e4eb-4979-9736-9c07fb4402dc,3,32.91,0.0,410.6233333333333,0,0,1
9b4221fb-5877-4c5a-9f1b-df9a1b1edbfa,5,32.594,0.0,474.71799999999996,0,0,1
e67e9f3d-2668-47e7-aefa-ee3af7b5ed8f,1,26.93,0.0,647.03,0,0,1
caad8d51-3b44-439d-bc0a-024adb62df83,13,32.29923076923076,0.07692307692307693,465.29307692307697,0,0,0
41641c2f-61d2-4174-97cd-40daf83b1d1e,7,32.51714285714285,0.14285714285714285,482.74142857142857,0,0,0
14b5a32f-3fe2-466c-bfde-4aa906f8a051,3,31.043333333333333,0.0,464.7833333333333,0,0,1
19b5dcf7-8f94-4b3a-9fd4-d97d3ba0e213,5,26.204,0.0,571.046,0,0,1
8039cd4c-222b-4aa2-8ced-135135b32b12,2,36.375,0.0,486.36,0,0,1
a3ef0b82-b4ae-4efc-a066-a83ab2db3dbd,2,20.005000000000003,0.0,362.71000000000004,0,0,1
f7dbc9d5-0020-4445-83e4-3ad1ceee5b5a,4,42.8225,0.5,524.185,0,0,0
5ef4e3f0-cc81-4217-bbd5-d481af259126,3,28.463333333333335,0.0,712.3133333333334,0,0,1
dadeead2-b767-4909-9582-885cc3df08e0,2,40.42,0.0,682.665,1,0,1
d9194f1e-9c9c-4557-980d-92b7164e7aa2,5,36.958,0.2,586.2560000000001,0,0,1
10a5d064-54b8-4070-91f4-701f050e228e,5,39.53,0.0,522.736,0,0,1
55e9bbae-b16b-4e6e-9b11-8d44e97c23b3,1,33.5,0.0,689.07,0,0,1
868e1c33-b3e1-430a-8288-4ed5aef25cab,2,42.98,0.5,537.35,0,0,0
5c7a3c0a-6c82-4318-8ed5-4d04e6d258fe,9,37.76666666666667,0.2222222222222222,479.07777777777784,0,0,1
e3f9cc54-ca68-4628-85d7-4d1fb9f2f80a,12,30.72916666666667,0.16666666666666666,495.08833333333337,0,0,1
33a617e0-08b5-4968-9017-75766500d0c7,1,32.04,0.0,350.28,0,0,1
baa1b2aa-809f-4cf2-95e0-7bf29d198416,2,37.105000000000004,0.5,606.475,0,0,1
0a4ac548-4125-4de1-81c0-d2aea4a5fd7f,6,37.181666666666665,0.3333333333333333,539.3816666666668,0,0,1
b59ca5b6-5373-410e-9f37-19ddff80d95c,11,36.010909090909095,0.2727272727272727,493.33636363636356,0,0,1
1c69235d-d2c8-4aa6-80dc-d334a4eb0c21,7,38.465714285714284,0.2857142857142857,485.28999999999996,0,0,1
9dd6567d-2006-45d7-bdd0-d48e1dd1efe4,8,32.72625,0.125,613.24125,1,0,1
16a7d761-b29f-4b29-a669-cab51286816d,1,39.22,0.0,514.42,0,0,1
77eb458d-c00c-4df3-bef0-1e9c10971ee7,5,31.092000000000002,0.0,435.9599999999999,0,0,1
a4b658c2-81f6-4551-b12a-a11c7b2d2a8d,3,31.25,0.0,369.8333333333333,1,0,1
bf7e47ec-5170-42b0-a405-dd80874c1de4,1,20.42,0.0,393.53,0,0,1
f08b806f-9bd4-47cb-8a2e-3174f181c958,7,40.23571428571429,0.2857142857142857,524.0442857142856,1,0,1
2579c0d0-0f50-4f64-a500-d192e442ab8e,2,34.46,0.0,541.9200000000001,0,0,1
c8da4ec7-62b5-4177-9898-ba6b2556a11b,1,38.6,0.0,235.69,0,0,1
cf3e589d-b5fe-4f50-90f8-7e37947f4008,2,36.2,0.0,369.645,0,0,1
40de3872-49fe-4851-82a2-a03f445dbc2d,4,26.0775,0.0,772.2175000000001,0,0,1
469ef1dc-f833-423e-899a-6dcdad4edb33,6,34.49666666666667,0.16666666666666666,518.2483333333333,0,0,1
0b86329a-8790-48b9-98fb-bc7b9b9b86fe,3,26.41,0.0,465.34999999999997,0,0,1
a4101ff0-f582-49f7-8ef8-10773c77bf54,14,36.81214285714286,0.21428571428571427,571.5985714285715,0,0,1
5010df88-313a-467f-93aa-62c712328582,1,31.73,0.0,670.5,0,0,1
1f88cb66-a3c0-45b3-a26d-b449adf3ca93,3,41.423333333333325,0.3333333333333333,590.8833333333333,1,0,0
fc548519-3362-48b8-98fe-4bb1b5cc5c31,8,34.275000000000006,0.125,502.8125,0,0,0
4a5f3f8c-48a3-482f-8bfd-81b3d24309e6,2,33.84,0.0,581.415,0,0,1
588426aa-6685-4100-ab98-952fe5bda6fa,12,34.35666666666666,0.16666666666666666,473.69,0,0,0
f6c207d1-6abd-4823-b2c0-5331cb184fb1,2,27.89,0.0,411.81,0,0,1
23020a16-c303-422c-bad8-799ef955bd39,3,35.04333333333333,0.0,619.7833333333333,0,0,1
8d6b1f72-5461-4ccd-a07f-01d7cebea488,4,33.942499999999995,0.0,668.6975,0,0,1
4072c087-7a2d-4c25-9963-7bd6087957ad,12,36.71916666666666,0.16666666666666666,543.0,1,0,1
651b9255-867e-4299-8dfa-0984a061b34b,3,32.11666666666667,0.0,460.33,0,0,1
165eca70-93c8-4d9e-9d30-6788759aa85b,3,38.38333333333333,0.0,558.35,0,0,1
86eac635-26de-4a7d-ab61-145c9bf17ad3,8,34.41875,0.0,555.1375,1,0,1
747835eb-9151-401b-b254-98c6300b07d3,8,29.272499999999997,0.125,520.59625,0,0,1
36e1bc13-3f73-4de4-9015-36d32e75bbde,3,28.19666666666667,0.0,509.1133333333333,0,0,1
ff366fcc-f882-4b46-a075-dbc40d453676,7,34.730000000000004,0.14285714285714285,463.9614285714286,1,0,1
e0bf192f-41fa-4e30-aeec-7835ee682208,15,33.02133333333333,0.06666666666666667,569.9966666666667,0,0,1
99e0b0bd-6af2-4faa-8e8c-5ab155e02f96,3,30.76,0.0,540.41,0,0,0
c98594b8-0927-41e9-a571-4e6001825e67,15,40.59466666666666,0.06666666666666667,397.31066666666663,0,0,1
a4b369a3-f494-4d93-bcbb-48f016cf31c0,1,35.62,0.0,449.06,0,0,1
264ccc55-9353-4aa9-bc2b-299551256088,6,40.96,0.5,551.0816666666666,0,0,1
4f506187-de16-4510-b423-93e45d4cca78,5,32.908,0.2,575.738,1,0,1
499e5469-6270-4c4e-8c41-24cdc833c8e8,1,30.55,0.0,865.34,0,0,1
36f0a60e-6838-4d37-9095-c7f99c3c0286,5,26.694,0.0,500.67599999999993,1,0,1
0489c163-7b95-43e0-91a6-9d8a91a56e80,8,32.65875,0.125,447.80499999999995,0,0,1
968521dd-fd63-4cc9-8ff3-0ec333a80b15,7,37.15714285714286,0.2857142857142857,483.78428571428566,0,0,0
7d27792c-b504-4ac2-899b-17922ccd9322,1,44.47,0.0,863.29,0,0,1
0ae734e4-c7ce-442b-8c8b-76a734865aad,7,29.684285714285714,0.14285714285714285,392.3714285714285,0,0,0
1b022994-5570-4a47-bb5e-35f258970b5e,5,40.657999999999994,0.4,558.02,0,0,1
324fb722-70ad-4667-83d6-e765060f025c,2,32.075,0.0,560.07,0,0,1
af43e1f7-eb5a-48c4-974b-aad14aa3c4ec,3,45.29,0.6666666666666666,473.27666666666664,0,0,1
9792c9e8-e9a0-42d8-b65e-5842dd5cfd8d,4,35.975,0.0,463.0275,0,0,0
49679107-4939-4407-acdb-cbbc1cc31328,1,42.61,0.0,679.09,0,0,1
be57370d-28ee-4817-9441-77e8b7bf1ad8,3,27.26,0.0,724.5600000000001,0,0,1
67bd3e05-aa9c-44ca-8dec-0e9b8bc44046,2,31.835,0.0,589.33,0,0,1
3f5ab1df-8405-4ced-ad18-18972d11ff82,4,36.9825,0.25,674.0100000000001,0,0,1
3367523d-6436-40cc-8fff-26dfc9236aea,11,40.31545454545455,0.45454545454545453,423.86818181818177,0,0,1
a5f6b805-5fa9-444b-8675-0b05671f02c3,3,29.03333333333333,0.0,317.33666666666664,0,0,1
d5d8763c-9ef1-4f26-a26f-db3c51b83df6,13,33.73846153846153,0.07692307692307693,411.2407692307692,0,0,0
e7540483-e043-4e5e-9511-3e44d85fd2ce,1,37.72,0.0,664.8,0,0,1
e3177cab-15a3-41aa-9cb6-340921253373,5,32.525999999999996,0.2,528.174,0,0,1
67810f37-1f5b-41bd-991c-af5bb4774baf,2,26.475,0.0,589.485,0,0,1
